{
  "name": "Scrape meta data facebook",
  "nodes": [
    {
      "parameters": {},
      "type": "n8n-nodes-base.manualTrigger",
      "typeVersion": 1,
      "position": [
        -1664,
        304
      ],
      "id": "fabb8bfd-72fc-44d4-8c87-939a0ffae182",
      "name": "When clicking ‘Execute workflow’"
    },
    {
      "parameters": {
        "assignments": {
          "assignments": [
            {
              "id": "b39dc8bd-c8c9-43e7-a471-8c8170aa1d40",
              "name": "Search url",
              "value": "=https://web.facebook.com/ads/library/?active_status=active&ad_type=all&country=US&is_targeted_country=false&media_type=all&q=Cybersecurity%20career&search_type=keyword_exact_phrases&sources=fb-logo",
              "type": "string"
            },
            {
              "id": "21c63841-1506-4164-8a42-4de754a3b521",
              "name": "Records",
              "value": "100",
              "type": "string"
            }
          ]
        },
        "options": {}
      },
      "type": "n8n-nodes-base.set",
      "typeVersion": 3.4,
      "position": [
        -1440,
        304
      ],
      "id": "0f0f9240-6fd3-4fdf-bc09-ae93bbd9e32e",
      "name": "settings"
    },
    {
      "parameters": {
        "operation": "subtractFromDate",
        "magnitude": "={{$now }}",
        "duration": 30,
        "options": {}
      },
      "type": "n8n-nodes-base.dateTime",
      "typeVersion": 2,
      "position": [
        -1232,
        304
      ],
      "id": "637a72dc-3ccc-47ee-acc1-a09be3adca3e",
      "name": "Calculate 30 days"
    },
    {
      "parameters": {
        "assignments": {
          "assignments": [
            {
              "id": "ed6d870f-c953-4d02-bb98-0fda150a527f",
              "name": "Start date",
              "value": "={{ $json.newDate.toDateTime().format('yyyy-MM-dd') }}",
              "type": "string"
            },
            {
              "id": "ab37b64f-289c-40f3-aa1a-04c8d4a1c415",
              "name": "",
              "value": "",
              "type": "string"
            }
          ]
        },
        "options": {}
      },
      "type": "n8n-nodes-base.set",
      "typeVersion": 3.4,
      "position": [
        -1008,
        304
      ],
      "id": "3ae96bdf-c433-40f1-b8f0-a7e0f13b4565",
      "name": "set start date"
    },
    {
      "parameters": {
        "assignments": {
          "assignments": [
            {
              "id": "1d85e635-952c-42f2-be6f-ca5587fe2b14",
              "name": "starturl",
              "value": "={{ $('settings').item.json['Search url']+\"&start_date[min]=\" + $json.Startdate + \"&start_date[max]\" }}",
              "type": "string"
            }
          ]
        },
        "options": {}
      },
      "type": "n8n-nodes-base.set",
      "typeVersion": 3.4,
      "position": [
        -784,
        304
      ],
      "id": "dafd72a8-a4cc-42e9-bf4a-31684653e459",
      "name": "Add time range to url"
    },
    {
      "parameters": {
        "method": "POST",
        "url": "=https://api.apify.com/v2/acts/curious_coder~facebook-ads-library-scraper/runs?token=apify_api_QhgOtFTM2HqbeZSc81tpDfcsSuiXxi4ar8sc",
        "authentication": "genericCredentialType",
        "genericAuthType": "httpHeaderAuth",
        "sendQuery": true,
        "queryParameters": {
          "parameters": [
            {
              "name": "webhooks",
              "value": "W3siZXZlbnRUeXBlcyI6WyJBQ1RPUi5SVU4uU1VDQ0VFREVEIl0sInJlcXVlc3RVcmwiOiJodHRwczovL2hhc3NhbjEyLmFwcC5uOG4uY2xvdWQvd2ViaG9vay10ZXN0L2IwYWM0NDAzLWE5MjQtNDhkMC04MzdmLTdlN2U5Njk0M2Y1YiJ9XQ="
            }
          ]
        },
        "sendBody": true,
        "specifyBody": "json",
        "jsonBody": "={\n\"count\":{{ $('settings').item.json.Records }},\n\"scrapeAdDetails\": false,\n\"scrapePageAds.activeStatus\": \"all\",\n\"urls\": [\n{\n\"url\": \"{{ $json.starturl }}\",\n\"method\": \"GET\"\n}\n]\n}\n",
        "options": {}
      },
      "type": "n8n-nodes-base.httpRequest",
      "typeVersion": 4.2,
      "position": [
        -480,
        352
      ],
      "id": "dc6567dc-1778-468d-907c-780561eb7896",
      "name": "trigger ads library"
    },
    {
      "parameters": {
        "httpMethod": "POST",
        "path": "b0ac4403-a924-48d0-837f-7e7e96943f5b",
        "options": {}
      },
      "type": "n8n-nodes-base.webhook",
      "typeVersion": 2,
      "position": [
        -1648,
        592
      ],
      "id": "4555a1fc-f007-4ea5-9a18-cbaa6aa133da",
      "name": "Webhook",
      "webhookId": "b0ac4403-a924-48d0-837f-7e7e96943f5b"
    },
    {
      "parameters": {
        "url": "=https://api.apify.com/v2/datasets/{{ $json.body.resource.defaultDatasetId }}/items",
        "authentication": "genericCredentialType",
        "genericAuthType": "httpHeaderAuth",
        "sendQuery": true,
        "queryParameters": {
          "parameters": [
            {
              "name": "format",
              "value": "json"
            }
          ]
        },
        "options": {}
      },
      "type": "n8n-nodes-base.httpRequest",
      "typeVersion": 4.2,
      "position": [
        -1424,
        736
      ],
      "id": "45b729a0-60c1-412d-a3ab-1df5905bbc14",
      "name": "get data set items"
    },
    {
      "parameters": {
        "operation": "appendOrUpdate",
        "documentId": {
          "__rl": true,
          "value": "=1R96IUDz1apxfmqyMeU-c9d8dngweRSynv456c_7vqqo",
          "mode": "id"
        },
        "sheetName": {
          "__rl": true,
          "value": "gid=0",
          "mode": "list",
          "cachedResultName": "Sheet1",
          "cachedResultUrl": "https://docs.google.com/spreadsheets/d/1R96IUDz1apxfmqyMeU-c9d8dngweRSynv456c_7vqqo/edit#gid=0"
        },
        "columns": {
          "mappingMode": "autoMapInputData",
          "value": {},
          "matchingColumns": [],
          "schema": [
            {
              "id": "ad_archive_id",
              "displayName": "ad_archive_id",
              "required": false,
              "defaultMatch": false,
              "display": true,
              "type": "string",
              "canBeUsedToMatch": true,
              "removed": false
            },
            {
              "id": "page_id",
              "displayName": "page_id",
              "required": false,
              "defaultMatch": false,
              "display": true,
              "type": "string",
              "canBeUsedToMatch": true,
              "removed": false
            },
            {
              "id": "snapshot",
              "displayName": "snapshot",
              "required": false,
              "defaultMatch": false,
              "display": true,
              "type": "string",
              "canBeUsedToMatch": true,
              "removed": false
            },
            {
              "id": "is_active",
              "displayName": "is_active",
              "required": false,
              "defaultMatch": false,
              "display": true,
              "type": "string",
              "canBeUsedToMatch": true,
              "removed": false
            },
            {
              "id": "has_user_reported",
              "displayName": "has_user_reported",
              "required": false,
              "defaultMatch": false,
              "display": true,
              "type": "string",
              "canBeUsedToMatch": true,
              "removed": false
            },
            {
              "id": "report_count",
              "displayName": "report_count",
              "required": false,
              "defaultMatch": false,
              "display": true,
              "type": "string",
              "canBeUsedToMatch": true,
              "removed": false
            },
            {
              "id": "menu_items",
              "displayName": "menu_items",
              "required": false,
              "defaultMatch": false,
              "display": true,
              "type": "string",
              "canBeUsedToMatch": true,
              "removed": false
            },
            {
              "id": "state_media_run_label",
              "displayName": "state_media_run_label",
              "required": false,
              "defaultMatch": false,
              "display": true,
              "type": "string",
              "canBeUsedToMatch": true,
              "removed": false
            },
            {
              "id": "page_is_deleted",
              "displayName": "page_is_deleted",
              "required": false,
              "defaultMatch": false,
              "display": true,
              "type": "string",
              "canBeUsedToMatch": true,
              "removed": false
            },
            {
              "id": "page_name",
              "displayName": "page_name",
              "required": false,
              "defaultMatch": false,
              "display": true,
              "type": "string",
              "canBeUsedToMatch": true,
              "removed": false
            },
            {
              "id": "ad_id",
              "displayName": "ad_id",
              "required": false,
              "defaultMatch": false,
              "display": true,
              "type": "string",
              "canBeUsedToMatch": true,
              "removed": false
            },
            {
              "id": "archive_types",
              "displayName": "archive_types",
              "required": false,
              "defaultMatch": false,
              "display": true,
              "type": "string",
              "canBeUsedToMatch": true,
              "removed": false
            },
            {
              "id": "categories",
              "displayName": "categories",
              "required": false,
              "defaultMatch": false,
              "display": true,
              "type": "string",
              "canBeUsedToMatch": true,
              "removed": false
            },
            {
              "id": "collation_count",
              "displayName": "collation_count",
              "required": false,
              "defaultMatch": false,
              "display": true,
              "type": "string",
              "canBeUsedToMatch": true,
              "removed": false
            },
            {
              "id": "collation_id",
              "displayName": "collation_id",
              "required": false,
              "defaultMatch": false,
              "display": true,
              "type": "string",
              "canBeUsedToMatch": true,
              "removed": false
            },
            {
              "id": "contains_digital_created_media",
              "displayName": "contains_digital_created_media",
              "required": false,
              "defaultMatch": false,
              "display": true,
              "type": "string",
              "canBeUsedToMatch": true,
              "removed": false
            },
            {
              "id": "contains_sensitive_content",
              "displayName": "contains_sensitive_content",
              "required": false,
              "defaultMatch": false,
              "display": true,
              "type": "string",
              "canBeUsedToMatch": true,
              "removed": false
            },
            {
              "id": "currency",
              "displayName": "currency",
              "required": false,
              "defaultMatch": false,
              "display": true,
              "type": "string",
              "canBeUsedToMatch": true,
              "removed": false
            },
            {
              "id": "end_date",
              "displayName": "end_date",
              "required": false,
              "defaultMatch": false,
              "display": true,
              "type": "string",
              "canBeUsedToMatch": true,
              "removed": false
            },
            {
              "id": "entity_type",
              "displayName": "entity_type",
              "required": false,
              "defaultMatch": false,
              "display": true,
              "type": "string",
              "canBeUsedToMatch": true,
              "removed": false
            },
            {
              "id": "fev_info",
              "displayName": "fev_info",
              "required": false,
              "defaultMatch": false,
              "display": true,
              "type": "string",
              "canBeUsedToMatch": true,
              "removed": false
            },
            {
              "id": "gated_type",
              "displayName": "gated_type",
              "required": false,
              "defaultMatch": false,
              "display": true,
              "type": "string",
              "canBeUsedToMatch": true,
              "removed": false
            },
            {
              "id": "hidden_safety_data",
              "displayName": "hidden_safety_data",
              "required": false,
              "defaultMatch": false,
              "display": true,
              "type": "string",
              "canBeUsedToMatch": true,
              "removed": false
            },
            {
              "id": "hide_data_status",
              "displayName": "hide_data_status",
              "required": false,
              "defaultMatch": false,
              "display": true,
              "type": "string",
              "canBeUsedToMatch": true,
              "removed": false
            },
            {
              "id": "impressions_with_index",
              "displayName": "impressions_with_index",
              "required": false,
              "defaultMatch": false,
              "display": true,
              "type": "string",
              "canBeUsedToMatch": true,
              "removed": false
            },
            {
              "id": "is_aaa_eligible",
              "displayName": "is_aaa_eligible",
              "required": false,
              "defaultMatch": false,
              "display": true,
              "type": "string",
              "canBeUsedToMatch": true,
              "removed": false
            },
            {
              "id": "is_profile_page",
              "displayName": "is_profile_page",
              "required": false,
              "defaultMatch": false,
              "display": true,
              "type": "string",
              "canBeUsedToMatch": true,
              "removed": false
            },
            {
              "id": "political_countries",
              "displayName": "political_countries",
              "required": false,
              "defaultMatch": false,
              "display": true,
              "type": "string",
              "canBeUsedToMatch": true,
              "removed": false
            },
            {
              "id": "publisher_platform",
              "displayName": "publisher_platform",
              "required": false,
              "defaultMatch": false,
              "display": true,
              "type": "string",
              "canBeUsedToMatch": true,
              "removed": false
            },
            {
              "id": "reach_estimate",
              "displayName": "reach_estimate",
              "required": false,
              "defaultMatch": false,
              "display": true,
              "type": "string",
              "canBeUsedToMatch": true,
              "removed": false
            },
            {
              "id": "regional_regulation_data",
              "displayName": "regional_regulation_data",
              "required": false,
              "defaultMatch": false,
              "display": true,
              "type": "string",
              "canBeUsedToMatch": true,
              "removed": false
            },
            {
              "id": "spend",
              "displayName": "spend",
              "required": false,
              "defaultMatch": false,
              "display": true,
              "type": "string",
              "canBeUsedToMatch": true,
              "removed": false
            },
            {
              "id": "start_date",
              "displayName": "start_date",
              "required": false,
              "defaultMatch": false,
              "display": true,
              "type": "string",
              "canBeUsedToMatch": true,
              "removed": false
            },
            {
              "id": "targeted_or_reached_countries",
              "displayName": "targeted_or_reached_countries",
              "required": false,
              "defaultMatch": false,
              "display": true,
              "type": "string",
              "canBeUsedToMatch": true,
              "removed": false
            },
            {
              "id": "total_active_time",
              "displayName": "total_active_time",
              "required": false,
              "defaultMatch": false,
              "display": true,
              "type": "string",
              "canBeUsedToMatch": true,
              "removed": false
            },
            {
              "id": "url",
              "displayName": "url",
              "required": false,
              "defaultMatch": false,
              "display": true,
              "type": "string",
              "canBeUsedToMatch": true,
              "removed": false
            },
            {
              "id": "total",
              "displayName": "total",
              "required": false,
              "defaultMatch": false,
              "display": true,
              "type": "string",
              "canBeUsedToMatch": true,
              "removed": false
            },
            {
              "id": "finserv_ad_data",
              "displayName": "finserv_ad_data",
              "required": false,
              "defaultMatch": false,
              "display": true,
              "type": "string",
              "canBeUsedToMatch": true,
              "removed": false
            },
            {
              "id": "pageInfo",
              "displayName": "pageInfo",
              "required": false,
              "defaultMatch": false,
              "display": true,
              "type": "string",
              "canBeUsedToMatch": true,
              "removed": false
            }
          ],
          "attemptToConvertTypes": false,
          "convertFieldsToString": false
        },
        "options": {}
      },
      "type": "n8n-nodes-base.googleSheets",
      "typeVersion": 4.6,
      "position": [
        -928,
        704
      ],
      "id": "af4b6493-79a6-4a32-a4aa-7a4402d6b47f",
      "name": "Append or update row in sheet"
    },
    {
      "parameters": {},
      "type": "@n8n/n8n-nodes-langchain.memoryBufferWindow",
      "typeVersion": 1.3,
      "position": [
        -464,
        224
      ],
      "id": "ac59c66a-7d72-43f3-9a43-5d02d2a4f63f",
      "name": "Simple Memory"
    },
    {
      "parameters": {
        "conditions": {
          "options": {
            "caseSensitive": true,
            "leftValue": "",
            "typeValidation": "strict",
            "version": 2
          },
          "conditions": [
            {
              "id": "5b479a63-64cb-4b1d-8779-e1f021719729",
              "leftValue": "",
              "rightValue": "",
              "operator": {
                "type": "string",
                "operation": "equals",
                "name": "filter.operator.equals"
              }
            }
          ],
          "combinator": "and"
        },
        "options": {}
      },
      "type": "n8n-nodes-base.filter",
      "typeVersion": 2.2,
      "position": [
        -1200,
        528
      ],
      "id": "0dfcf197-8b91-466c-b5a4-e9a081924886",
      "name": "Filter"
    }
  ],
  "connections": {
    "When clicking ‘Execute workflow’": {
      "main": [
        [
          {
            "node": "settings",
            "type": "main",
            "index": 0
          }
        ]
      ]
    },
    "settings": {
      "main": [
        [
          {
            "node": "Calculate 30 days",
            "type": "main",
            "index": 0
          }
        ]
      ]
    },
    "Calculate 30 days": {
      "main": [
        [
          {
            "node": "set start date",
            "type": "main",
            "index": 0
          }
        ]
      ]
    },
    "set start date": {
      "main": [
        [
          {
            "node": "Add time range to url",
            "type": "main",
            "index": 0
          }
        ]
      ]
    },
    "Add time range to url": {
      "main": [
        [
          {
            "node": "trigger ads library",
            "type": "main",
            "index": 0
          }
        ]
      ]
    },
    "Webhook": {
      "main": [
        [
          {
            "node": "get data set items",
            "type": "main",
            "index": 0
          }
        ]
      ]
    },
    "get data set items": {
      "main": [
        [
          {
            "node": "Filter",
            "type": "main",
            "index": 0
          }
        ]
      ]
    },
    "Filter": {
      "main": [
        [
          {
            "node": "Append or update row in sheet",
            "type": "main",
            "index": 0
          }
        ]
      ]
    }
  },
  "settings": {
    "executionOrder": "v1"
  },
  "staticData": null,
  "pinData": {
    "Webhook": [
      {
        "json": {
          "headers": {
            "host": "hassan12.app.n8n.cloud",
            "user-agent": "axios/1.8.4",
            "content-length": "1905",
            "accept": "application/json, text/plain, */*",
            "accept-encoding": "gzip, br",
            "cdn-loop": "cloudflare; loops=1; subreqs=1",
            "cf-connecting-ip": "34.224.107.31",
            "cf-ew-via": "15",
            "cf-ipcountry": "US",
            "cf-ray": "959c993ec45905fa-IAD",
            "cf-visitor": "{\"scheme\":\"https\"}",
            "cf-worker": "n8n.cloud",
            "content-type": "application/json",
            "x-apify-request-origin": "WEBHOOK",
            "x-apify-webhook": "yo",
            "x-apify-webhook-dispatch-id": "v8xyVXBieYyiOeuMW",
            "x-forwarded-for": "34.224.107.31, 172.71.194.77",
            "x-forwarded-host": "hassan12.app.n8n.cloud",
            "x-forwarded-port": "443",
            "x-forwarded-proto": "https",
            "x-forwarded-server": "traefik-prod-users-gwc-23-54c976d6d9-7nh26",
            "x-is-trusted": "yes",
            "x-real-ip": "34.224.107.31"
          },
          "params": {},
          "query": {},
          "body": {
            "userId": "NjBn1A4diWX8JLm0u",
            "createdAt": "2025-07-04T06:28:11.909Z",
            "eventType": "ACTOR.RUN.SUCCEEDED",
            "eventData": {
              "actorId": "XtaWFhbtfxyzqrFmd",
              "actorRunId": "S4fv5kUXKMojIf3JU"
            },
            "resource": {
              "id": "S4fv5kUXKMojIf3JU",
              "actId": "XtaWFhbtfxyzqrFmd",
              "userId": "NjBn1A4diWX8JLm0u",
              "startedAt": "2025-07-04T06:27:46.140Z",
              "finishedAt": "2025-07-04T06:28:05.835Z",
              "status": "SUCCEEDED",
              "statusMessage": "Scraped requested number of records",
              "isStatusMessageTerminal": true,
              "meta": {
                "origin": "API",
                "userAgent": "axios/1.8.3"
              },
              "stats": {
                "inputBodyLen": 407,
                "migrationCount": 0,
                "rebootCount": 0,
                "restartCount": 0,
                "durationMillis": 19524,
                "resurrectCount": 0,
                "runTimeSecs": 19.524,
                "metamorph": 0,
                "computeUnits": 0.0027116666666666665,
                "memAvgBytes": 117209749.00943938,
                "memMaxBytes": 164151296,
                "memCurrentBytes": 0,
                "cpuAvgUsage": 15.67430652721645,
                "cpuMaxUsage": 65.65185459026495,
                "cpuCurrentUsage": 0,
                "netRxBytes": 526557,
                "netTxBytes": 367571
              },
              "options": {
                "build": "latest",
                "timeoutSecs": 3600,
                "memoryMbytes": 512,
                "maxItems": 6317,
                "diskMbytes": 1024
              },
              "buildId": "kUzwzTlTV9cnZ9bg8",
              "exitCode": 0,
              "defaultKeyValueStoreId": "mh0daOofKiylRAsOH",
              "defaultDatasetId": "z1xBlon9ZukygiqUq",
              "defaultRequestQueueId": "E2KpRPS04EyLTp93s",
              "pricingInfo": {
                "pricingModel": "PRICE_PER_DATASET_ITEM",
                "reasonForChange": null,
                "startedAt": "2024-09-08T10:44:28.143Z",
                "pricePerUnitUsd": 0.00075,
                "unitName": "ads",
                "createdAt": "2024-08-25T10:53:35.188Z",
                "apifyMarginPercentage": 0.2,
                "notifiedAboutFutureChangeAt": "2024-08-25T10:53:59.060Z",
                "notifiedAboutChangeAt": "2024-09-08T11:09:17.321Z"
              },
              "platformUsageBillingModel": "DEVELOPER",
              "generalAccess": "FOLLOW_USER_SETTING",
              "buildNumber": null,
              "containerUrl": "https://aydsqlidwdas.runs.apify.net",
              "links": {
                "publicRunUrl": "https://console.apify.com/view/runs/S4fv5kUXKMojIf3JU",
                "consoleRunUrl": "https://console.apify.com/actors/XtaWFhbtfxyzqrFmd/runs/S4fv5kUXKMojIf3JU",
                "apiRunUrl": "https://api.apify.com/v2/actor-runs/S4fv5kUXKMojIf3JU"
              }
            }
          },
          "webhookUrl": "https://hassan12.app.n8n.cloud/webhook-test/b0ac4403-a924-48d0-837f-7e7e96943f5b",
          "executionMode": "test"
        }
      }
    ]
  },
  "triggerCount": 0,
  "meta": null
}