{
  "name": "Facebook comment",
  "nodes": [
    {
      "parameters": {},
      "id": "b13719bc-e7cd-4d61-a0fe-c1f3858b7ab0",
      "name": "When clicking ‘Test workflow’",
      "type": "n8n-nodes-base.manualTrigger",
      "position": [
        -224,
        64
      ],
      "typeVersion": 1
    },
    {
      "parameters": {
        "fieldToSplitOut": "data",
        "include": "allOtherFields",
        "options": {}
      },
      "id": "47577ddf-c379-472e-b984-fa6551fa7082",
      "name": "Split Out Comments",
      "type": "n8n-nodes-base.splitOut",
      "position": [
        1584,
        64
      ],
      "typeVersion": 1
    },
    {
      "parameters": {
        "conditions": {
          "options": {
            "version": 2,
            "leftValue": "",
            "caseSensitive": true,
            "typeValidation": "strict"
          },
          "combinator": "and",
          "conditions": [
            {
              "id": "4d8bd55c-35d0-40db-98ac-a954b0a99710",
              "operator": {
                "type": "array",
                "operation": "notEmpty",
                "singleValue": true
              },
              "leftValue": "={{ $json.data }}",
              "rightValue": ""
            }
          ]
        },
        "options": {}
      },
      "id": "7974938d-1580-4b43-aebd-e360117fa989",
      "name": "Filter Out Null Comments",
      "type": "n8n-nodes-base.filter",
      "position": [
        1360,
        64
      ],
      "typeVersion": 2.2
    },
    {
      "parameters": {
        "assignments": {
          "assignments": [
            {
              "id": "8065ebf7-4daf-44dc-ac2c-95cce2063166",
              "name": "Post_id",
              "type": "string",
              "value": "={{ $json.id }}"
            },
            {
              "id": "b0984969-2f90-4fa9-8e32-8d7c76750e83",
              "name": "Post_created_time",
              "type": "string",
              "value": "={{ $json.created_time.toDateTime() }}"
            },
            {
              "id": "5efb3600-9887-40d2-8350-9d3b02a49775",
              "name": "Post_message",
              "type": "string",
              "value": "={{ $json.message }}"
            },
            {
              "id": "f469cdbc-16ba-4018-8b9c-7933dff7c9ae",
              "name": "Comment_id",
              "type": "string",
              "value": "={{ $json.data.id }}"
            },
            {
              "id": "a028828c-5054-45f0-bf1e-4ff1c9884b0a",
              "name": "Comment_created_time",
              "type": "string",
              "value": "={{ $json.data.created_time.toDateTime()}}"
            },
            {
              "id": "c40ea11c-762c-4e3c-9eda-a152fa7ec9c9",
              "name": "Comment_message",
              "type": "string",
              "value": "={{ $json.data.message }}"
            },
            {
              "id": "53fcd92c-cdaf-4663-9351-90da88cb13f7",
              "name": "Comment_from",
              "type": "string",
              "value": "={{ $json.data.from ? $json.data.from.name : \"\"}}"
            }
          ]
        },
        "includeOtherFields": true,
        "options": {}
      },
      "id": "ef282acf-a799-4c7a-9e88-33ebea3efedc",
      "name": "Select Result Field",
      "type": "n8n-nodes-base.set",
      "position": [
        1824,
        64
      ],
      "typeVersion": 3.4
    },
    {
      "parameters": {
        "fieldToSplitOut": "data",
        "options": {}
      },
      "id": "4f7009c3-2697-4b9a-9154-e39cb59cfed1",
      "name": "Split Out Posts",
      "type": "n8n-nodes-base.splitOut",
      "position": [
        544,
        64
      ],
      "typeVersion": 1
    },
    {
      "parameters": {
        "graphApiVersion": "v20.0",
        "node": "={{ $json.FB_Page_Id }}/feed",
        "options": {
          "queryParameters": {
            "parameter": [
              {
                "name": "limit",
                "value": "={{ $json.Number_of_Latest_Posts }}"
              }
            ]
          }
        }
      },
      "id": "dfafe252-e39c-4607-bc9e-e7ad2a4e4704",
      "name": "Facebook Graph API : Get Post from Page",
      "type": "n8n-nodes-base.facebookGraphApi",
      "position": [
        304,
        64
      ],
      "typeVersion": 1
    },
    {
      "parameters": {
        "graphApiVersion": "v20.0",
        "node": "={{ $json.id }}",
        "edge": "comments",
        "options": {
          "fields": {
            "field": [
              {
                "name": "id,from,message,created_time,comment_count"
              }
            ]
          },
          "queryParameters": {
            "parameter": [
              {
                "name": "order",
                "value": "reverse_chronological"
              }
            ]
          }
        }
      },
      "id": "fd8d338b-07fb-49a3-95fc-6b214c66e656",
      "name": "Facebook : Get Each Post Comments",
      "type": "n8n-nodes-base.facebookGraphApi",
      "position": [
        864,
        -16
      ],
      "typeVersion": 1,
      "onError": "continueErrorOutput"
    },
    {
      "parameters": {
        "mode": "combine",
        "combineBy": "combineByPosition",
        "options": {}
      },
      "id": "a8ee61db-49fb-48ca-85a3-74f150ec877f",
      "name": "Merge Post & Comments",
      "type": "n8n-nodes-base.merge",
      "position": [
        1184,
        64
      ],
      "typeVersion": 3
    },
    {
      "parameters": {
        "jsCode": "return items.reverse();\n"
      },
      "id": "5e92a021-0113-4ece-b691-f13be74fa5f2",
      "name": "Reverse Item to Match another Branch",
      "type": "n8n-nodes-base.code",
      "position": [
        864,
        224
      ],
      "typeVersion": 2
    },
    {
      "parameters": {
        "assignments": {
          "assignments": [
            {
              "id": "1d70f742-0848-44b1-8dbe-9b125dc046b3",
              "name": "Number_of_Latest_Posts",
              "type": "number",
              "value": 10
            },
            {
              "id": "6744bb50-c34f-429d-8364-da14c9cbaa77",
              "name": "FB_Page_Id",
              "type": "string",
              "value": "219380258240005"
            }
          ]
        },
        "options": {}
      },
      "id": "099427a2-39fb-41d2-b07d-65e5fd6919cd",
      "name": "Set PageID & Number of Latest Posts",
      "type": "n8n-nodes-base.set",
      "position": [
        32,
        64
      ],
      "typeVersion": 3.4
    }
  ],
  "connections": {
    "Split Out Posts": {
      "main": [
        [
          {
            "node": "Facebook : Get Each Post Comments",
            "type": "main",
            "index": 0
          },
          {
            "node": "Reverse Item to Match another Branch",
            "type": "main",
            "index": 0
          }
        ]
      ]
    },
    "Split Out Comments": {
      "main": [
        [
          {
            "node": "Select Result Field",
            "type": "main",
            "index": 0
          }
        ]
      ]
    },
    "Merge Post & Comments": {
      "main": [
        [
          {
            "node": "Filter Out Null Comments",
            "type": "main",
            "index": 0
          }
        ]
      ]
    },
    "Filter Out Null Comments": {
      "main": [
        [
          {
            "node": "Split Out Comments",
            "type": "main",
            "index": 0
          }
        ]
      ]
    },
    "Facebook : Get Each Post Comments": {
      "main": [
        [
          {
            "node": "Merge Post & Comments",
            "type": "main",
            "index": 0
          }
        ]
      ]
    },
    "When clicking ‘Test workflow’": {
      "main": [
        [
          {
            "node": "Set PageID & Number of Latest Posts",
            "type": "main",
            "index": 0
          }
        ]
      ]
    },
    "Set PageID & Number of Latest Posts": {
      "main": [
        [
          {
            "node": "Facebook Graph API : Get Post from Page",
            "type": "main",
            "index": 0
          }
        ]
      ]
    },
    "Reverse Item to Match another Branch": {
      "main": [
        [
          {
            "node": "Merge Post & Comments",
            "type": "main",
            "index": 1
          }
        ]
      ]
    },
    "Facebook Graph API : Get Post from Page": {
      "main": [
        [
          {
            "node": "Split Out Posts",
            "type": "main",
            "index": 0
          }
        ]
      ]
    }
  },
  "settings": {
    "executionOrder": "v1"
  },
  "staticData": null,
  "pinData": {},
  "triggerCount": 0,
  "meta": null
}